Reference,DOI,Ref_Type,Accession,Fungi,Scientific_Name,Kingdom,Phylum,Class,Order,Family,Genus,Species,Study_Type,Organ,Sampling_Location,Lat,Lon,Country,Collection_Date,Host_Genus,Host_Species,Host_Kingdom,Host_Phylum,Host_Class,Host_Order,Host_Family,MAT,MAP,Elevation,spr_rgn
"Gholami, M., Amini, J., Abdollahzadeh, J., & Ashengroph, M. (2019). Basidiomycetes fungi as biocontrol agents against take-all disease of wheat. Biological Control, 130, 34-43.",https://doi.org/10.1016/j.biocontrol.2018.12.012,Literature,MH392543,Fomes fomentarius,Fomes fomentarius (L.) Fr.,Fungi,Basidiomycota,Agaricomycetes,Polyporales,Polyporaceae,Fomes,Fomes fomentarius,Culture based study,Others,kermanshah province,34.4775,45.8338,Iran,NA/04/2016,Avena,ludoviciana,Plantae,Magnoliophyta,Magnoliopsida,Poales,Poaceae,1.97273330688476,502,531,Mexico NW deserts and montane forests
Identification of endophytic fungi of Pistacia vera,Unpublished,GenBank,KP641149,Fomes fomentarius,Fomes fomentarius (L.) Fr.,Fungi,Basidiomycota,Agaricomycetes,Polyporales,Polyporaceae,Fomes,Fomes fomentarius,NA,NA,NA,NA,NA,NA,NA,Pistacia,vera,Plantae,Magnoliophyta,Magnoliopsida,Sapindales,Anacardiaceae,NA,NA,NA,NA
"Sun, X., Kosman, E., Sharon, O., Ezrati, S., & Sharon, A. (2020). Significant host‐and environment‐dependent differentiation among highly sporadic fungal endophyte communities in cereal crops‐related wild grasses. Environmental Microbiology, 22(8), 3357-3374.",https://doi.org/10.1111/1462-2920.15107,Literature,MN899257,Peniophora versiformis,Peniophora versiformis (Berk. & M.A.Curtis) Bourdot & Galzin,Fungi,Basidiomycota,Agaricomycetes,Russulales,Peniophoraceae,Peniophora,Peniophora versiformis,Microbiome study,Branch (Twig),NA,NA,NA,Israel,NA/NA/2018,Buddleja,NA,Plantae,Tracheophyta,Magnoliopsida,Lamiales,Scrophulariaceae,NA,NA,NA,NA
Endophytic fungi,Unpublished,GenBank,MW534811,Phanerochaete livescens,Phanerochaete livescens (P.Karst.) Volobuev & Spirin,Fungi,Basidiomycota,Agaricomycetes,Polyporales,Phanerochaetaceae,Phanerochaete,Phanerochaete livescens,NA,NA,NA,NA,NA,NA,NA,Buddleja,NA,Plantae,Tracheophyta,Magnoliopsida,Lamiales,Scrophulariaceae,NA,NA,NA,NA
Can nitrogen supersede host identity in shaping the community composition of foliar endophytic fungi in an alpine meadow ecosystem,Unpublished,GenBank,OM745541,Radulomyces molaris,Radulomyces molaris (Chaillet ex Fr.) M.P.Christ.,Fungi,Basidiomycota,Agaricomycetes,Agaricales,Radulomycetaceae,Radulomyces,Radulomyces molaris,NA,NA,NA,33.66667,101.85,China,NA,Anemone,rivularis,Plantae,Magnoliophyta,Magnoliopsida,Ranunculales,Ranunculaceae,0.0619000017642974,717,3535,Arabic drylands
"Two different endophytic basidiomycete fungi cultured from a permanent grassland of Giessen, Germany, harbor the same endobacterium",Unpublished,GenBank,KX838369,Stereum hirsutum,Stereum hirsutum (Willd.) Pers.,Fungi,Basidiomycota,Agaricomycetes,Russulales,Stereaceae,Stereum,Stereum hirsutum,NA,Root,NA,NA,NA,Germany,NA,Arrhenatherum,elatius,Plantae,Magnoliophyta,Magnoliopsida,Poales,Poaceae,NA,NA,NA,NA
"Sun, X., Kosman, E., Sharon, O., Ezrati, S., & Sharon, A. (2020). Significant host‐and environment‐dependent differentiation among highly sporadic fungal endophyte communities in cereal crops‐related wild grasses. Environmental Microbiology, 22(8), 3357-3374.",https://doi.org/10.1111/1462-2920.15107,Literature,MN898762,Stereum hirsutum,Stereum hirsutum (Willd.) Pers.,Fungi,Basidiomycota,Agaricomycetes,Russulales,Stereaceae,Stereum,Stereum hirsutum,Microbiome study,Branch (Twig),NA,NA,NA,Israel,NA/NA/2018,Buddleja,NA,Plantae,Tracheophyta,Magnoliopsida,Lamiales,Scrophulariaceae,NA,NA,NA,NA
"Min, Y. J., Park, M. S., Fong, J. J., Quan, Y., Jung, S., & Lim, Y. W. (2014). Diversity and saline resistance of endophytic fungi associated with Pinus thunbergii in coastal shelterbelts of Korea. Journal of Microbiology and Biotechnology, 24(3), 324-333.",http://dx.doi.org/10.4014/jmb.1310.10041,Literature,KF313120,Stereum hirsutum,Stereum hirsutum (Willd.) Pers.,Fungi,Basidiomycota,Agaricomycetes,Russulales,Stereaceae,Stereum,Stereum hirsutum,Microbiome study,Root,NA,NA,NA,South Korea,NA,Pinus,thunbergii,Plantae,Pinophyta,Pinopsida,Pinales,Pinaceae,NA,NA,NA,NA
"Knapp, D. G., Lázár, A., Molnár, A., Vajna, B., Karácsony, Z., Váczy, K. Z., & Kovács, G. M. (2021). Above?ground parts of white grapevine Vitis vinifera cv. Furmint share core members of the fungal microbiome. Environmental Microbiology Reports.",https://doi.org/10.1111/1758-2229.12950,Literature,MW364470,Stereum hirsutum,Stereum hirsutum (Willd.) Pers.,Fungi,Basidiomycota,Agaricomycetes,Russulales,Stereaceae,Stereum,Stereum hirsutum,Culture based study,Leaf,"Eger, Nagy-Eged",47.922849,20.413688,Hungary,NA/11/2018,Vitis,vinifera,Plantae,Magnoliophyta,Magnoliopsida,Rosales,Rhamnaceae,0.960083293914795,534,313,Mexico NW deserts and montane forests
Endophytic fungi isolated from achillea santolina,Unpublished,GenBank,MH250003,Trametes versicolor,Trametes versicolor (L.) Lloyd,Fungi,Basidiomycota,Agaricomycetes,Polyporales,Polyporaceae,Trametes,Trametes versicolor,NA,NA,NA,NA,NA,NA,NA,Achillea,santolina,Plantae,Magnoliophyta,Magnoliopsida,Asterales,Asteraceae,NA,NA,NA,NA
Endophytic fungi from Aralia nudicaulis,Unpublished,GenBank,KP276528,Trametes versicolor,Trametes versicolor (L.) Lloyd,Fungi,Basidiomycota,Agaricomycetes,Polyporales,Polyporaceae,Trametes,Trametes versicolor,NA,NA,"Saint John, NB",NA,NA,Canada,37635,Aralia,nudicaulis,Plantae,Magnoliophyta,Magnoliopsida,Apiales,Araliaceae,NA,NA,NA,NA
"Community structure, temporal-spatial distribution, diversity and functional characterization of culturable endophytic fungi associated with Phoebe bournei (Hemsl.) Yang",Unpublished,GenBank,MN121590,Trametes versicolor,Trametes versicolor (L.) Lloyd,Fungi,Basidiomycota,Agaricomycetes,Polyporales,Polyporaceae,Trametes,Trametes versicolor,NA,NA,NA,NA,NA,NA,NA,Buddleja,NA,Plantae,Tracheophyta,Magnoliopsida,Lamiales,Scrophulariaceae,NA,NA,NA,NA
"Dar, R. A., Qazi, P. H., Saba, I., Rather, S. A., Wani, Z. A., Qazi, A. K., ... & Modae, D. M. (2016). Cytotoxic Potential and Molecular Characterization of Fungal Endophytes from Selected High Value Medicinal Plants of the Kashmir ValleyIndia. Drug Research, 66(03), 121-125.",https://doi.org/10.1055/s-0035-1550042,Literature,KC831588,Trametes versicolor,Trametes versicolor (L.) Lloyd,Fungi,Basidiomycota,Agaricomycetes,Polyporales,Polyporaceae,Trametes,Trametes versicolor,Culture based study,NA,NA,NA,NA,India,NA,Buddleja,NA,Plantae,Tracheophyta,Magnoliopsida,Lamiales,Scrophulariaceae,NA,NA,NA,NA
Endophyte and surrounding fungi of Ageratina adenophora,Unpublished,GenBank,MK304360,Trametes versicolor,Trametes versicolor (L.) Lloyd,Fungi,Basidiomycota,Agaricomycetes,Polyporales,Polyporaceae,Trametes,Trametes versicolor,NA,NA,NA,NA,NA,NA,NA,Buddleja,NA,Plantae,Tracheophyta,Magnoliopsida,Lamiales,Scrophulariaceae,NA,NA,NA,NA
"Gao, Y.-H., Bai, W.-X., Sun, W.-H., Zhou, W.-N., Wu, G.-L., Zhu, Z.-Q., Ma, J.-Y., & Li, H.-Y. Diversity of culturable endophytic fungi associated with bryophytes, pteridophytes and spermatophytes from Dawei mountain nature reserve, china,Chiang Mai Journal of. Science, .46(4) : 626-638",NA,Literature,KM357328,Trametes versicolor,Trametes versicolor (L.) Lloyd,Fungi,Basidiomycota,Agaricomycetes,Polyporales,Polyporaceae,Trametes,Trametes versicolor,Culture based study,NA,Dawei Mountain,NA,NA,China,NA/11/2012,Buddleja,NA,Plantae,Tracheophyta,Magnoliopsida,Lamiales,Scrophulariaceae,NA,NA,NA,NA
"Geisen, S., Kostenko, O., Cnossen, M. C., Ten Hooven, F. C., Vre, B., & van Der Putten, W. H. (2017). Seed and root endophytic fungi in a range expanding and a related plant species. Frontiers in microbiology, 1645.",https://doi.org/10.3389/fmicb.2017.01645,GenBank,MF687686,Trametes versicolor,Trametes versicolor (L.) Lloyd,Fungi,Basidiomycota,Agaricomycetes,Polyporales,Polyporaceae,Trametes,Trametes versicolor,NA,NA,NA,NA,NA,NA,NA,Buddleja,NA,Plantae,Tracheophyta,Magnoliopsida,Lamiales,Scrophulariaceae,NA,NA,NA,NA
Geographic and Tissue Influences on Endophytic Fungal Communities of Taxus chinensis var. mairei in China,Unpublished,GenBank,JN198490,Trametes versicolor,Trametes versicolor (L.) Lloyd,Fungi,Basidiomycota,Agaricomycetes,Polyporales,Polyporaceae,Trametes,Trametes versicolor,NA,NA,NA,NA,NA,NA,NA,Buddleja,NA,Plantae,Tracheophyta,Magnoliopsida,Lamiales,Scrophulariaceae,NA,NA,NA,NA
Identification of ITS in fungus strains,Unpublished,GenBank,KR673903,Trametes versicolor,Trametes versicolor (L.) Lloyd,Fungi,Basidiomycota,Agaricomycetes,Polyporales,Polyporaceae,Trametes,Trametes versicolor,NA,NA,"Khartoum, Rashad, Nuba mountains",NA,NA,Sudan,NA,Buddleja,NA,Plantae,Tracheophyta,Magnoliopsida,Lamiales,Scrophulariaceae,NA,NA,NA,NA
Molecular Identification of Endophytic Fungi from Selected Nigeria Plants,Unpublished,GenBank,MT358623,Trametes versicolor,Trametes versicolor (L.) Lloyd,Fungi,Basidiomycota,Agaricomycetes,Polyporales,Polyporaceae,Trametes,Trametes versicolor,NA,NA,NA,NA,NA,NA,NA,Buddleja,NA,Plantae,Tracheophyta,Magnoliopsida,Lamiales,Scrophulariaceae,NA,NA,NA,NA
"Sun, X., Kosman, E., Sharon, O., Ezrati, S., & Sharon, A. (2020). Significant host‐and environment‐dependent differentiation among highly sporadic fungal endophyte communities in cereal crops‐related wild grasses. Environmental Microbiology, 22(8), 3357-3374.",https://doi.org/10.1111/1462-2920.15107,Literature,MN899362,Trametes versicolor,Trametes versicolor (L.) Lloyd,Fungi,Basidiomycota,Agaricomycetes,Polyporales,Polyporaceae,Trametes,Trametes versicolor,Microbiome study,Branch (Twig),NA,NA,NA,Israel,NA/NA/2018,Buddleja,NA,Plantae,Tracheophyta,Magnoliopsida,Lamiales,Scrophulariaceae,NA,NA,NA,NA
"Sun, X., Kosman, E., Sharon, O., Ezrati, S., & Sharon, A. (2020). Significant host‐and environment‐dependent differentiation among highly sporadic fungal endophyte communities in cereal crops‐related wild grasses. Environmental Microbiology, 22(8), 3357-3374.",https://doi.org/10.1111/1462-2920.15107,Literature,MN899707,Trametes versicolor,Trametes versicolor (L.) Lloyd,Fungi,Basidiomycota,Agaricomycetes,Polyporales,Polyporaceae,Trametes,Trametes versicolor,Microbiome study,Branch (Twig),NA,NA,NA,Israel,NA/NA/2018,Buddleja,NA,Plantae,Tracheophyta,Magnoliopsida,Lamiales,Scrophulariaceae,NA,NA,NA,NA
"Whitaker, B. K., Christian, N., Chai, Q., & Clay, K. (2020). Foliar fungal endophyte community structure is independent of phylogenetic relatedness in an Asteraceae common garden. Ecology and Evolution, 10(24), 13895-13912.",https://doi.org/10.1002/ece3.6983,Literature,MW157586,Trametes versicolor,Trametes versicolor (L.) Lloyd,Fungi,Basidiomycota,Agaricomycetes,Polyporales,Polyporaceae,Trametes,Trametes versicolor,Microbiome study,Leaf,Indiana,NA,NA,United States,NA/09/2014,Buddleja,NA,Plantae,Tracheophyta,Magnoliopsida,Lamiales,Scrophulariaceae,NA,NA,NA,NA
Diversity of endophytic fungal communities from Camellia oleifera in Southern China,Unpublished,GenBank,KM979753,Trametes versicolor,Trametes versicolor (L.) Lloyd,Fungi,Basidiomycota,Agaricomycetes,Polyporales,Polyporaceae,Trametes,Trametes versicolor,NA,NA,NA,NA,NA,NA,NA,Camellia,oleifera,Plantae,Magnoliophyta,Magnoliopsida,Ericales,Theaceae,NA,NA,NA,NA
"Sánchez Márquez, M., Bills, G. F., & Zabalgogeazcoa, I. (2007). The endophytic mycobiota of the grass Dactylis glomerata.",NA,Literature,AM262442,Trametes versicolor,Trametes versicolor (L.) Lloyd,Fungi,Basidiomycota,Agaricomycetes,Polyporales,Polyporaceae,Trametes,Trametes versicolor,Culture based study,Leaf,Central-western Spain,NA,NA,Spain,NA,Dactylis,glomerata,Plantae,Magnoliophyta,Magnoliopsida,Poales,Poaceae,NA,NA,NA,NA
Endophytic Fungi of Dendrobium officinale,Unpublished,GenBank,KP050613,Trametes versicolor,Trametes versicolor (L.) Lloyd,Fungi,Basidiomycota,Agaricomycetes,Polyporales,Polyporaceae,Trametes,Trametes versicolor,NA,NA,"Zhejiang, Yueqing",NA,NA,China,NA,Dendrobium,officinale,Plantae,Magnoliophyta,Magnoliopsida,Asparagales,Orchidaceae,NA,NA,NA,NA
"Hosoya,T., Hosaka,K. and Nam,K.O.; A checklist of non-lichenized fungi occurring on Fagus crenata, endemic tree to Japan;  Mycology, 9(1), 29-34.",https://doi.org/10.1080/21501203.2017.1363092,FungalTraits,LC206494,Trametes versicolor,NA,Fungi,Basidiomycota,Agaricomycetes,Polyporales,Polyporaceae,Trametes,Trametes versicolor,NA,NA,"Nagano, Ueda-shi, Obora",38.7304,140.774,Japan,NA,Fagus,crenata,Plantae,Magnoliophyta,Magnoliopsida,Fagales,Fagaceae,1.02013330459594,1323,218,Mexico NW deserts and montane forests
"Hosoya,T., Hosaka,K. and Nam,K.O.; A checklist of non-lichenized fungi occurring on Fagus crenata, endemic tree to Japan;  Mycology, 9(1), 29-34.",https://doi.org/10.1080/21501203.2017.1363092,FungalTraits,LC206563,Trametes versicolor,NA,Fungi,Basidiomycota,Agaricomycetes,Polyporales,Polyporaceae,Trametes,Trametes versicolor,NA,NA,"Nagano, Ueda-shi, Obora",38.7304,140.7809,Japan,NA,Fagus,crenata,Plantae,Magnoliophyta,Magnoliopsida,Fagales,Fagaceae,1.02013330459594,1323,218,Mexico NW deserts and montane forests
"Banerjee, D. (2011). Endophytic fungal diversity in tropical and subtropical plants. Res J Microbiol, 6(1), 54-62.",https://doi.org/10.1002/ecs2.1710,Literature,NA,Trametes versicolor,Trametes versicolor (L.) Lloyd,Fungi,Basidiomycota,Agaricomycetes,Polyporales,Polyporaceae,Trametes,Trametes versicolor,Culture based study,Root,NA,NA,NA,United States,NA,Festuca,arundinacea,Plantae,Magnoliophyta,Magnoliopsida,Poales,Poaceae,NA,NA,NA,NA
Root endophytic basidiomycetes isolates from permanent grassland harbour Mollicutes-related endo-bacteria,Unpublished,GenBank,KX218391,Trametes versicolor,Trametes versicolor (L.) Lloyd,Fungi,Basidiomycota,Agaricomycetes,Polyporales,Polyporaceae,Trametes,Trametes versicolor,NA,Root,NA,NA,NA,Germany,NA,Galium,album,Plantae,Magnoliophyta,Magnoliopsida,Gentianales,Rubiaceae,NA,NA,NA,NA
"Taghinasab, M., Imani, J., Steffens, D., Glaeser, S. P., & Kogel, K. H. (2018). The root endophytes Trametes versicolor and Piriformospora indica increase grain yield and P content in wheat. Plant and soil, 426(1), 339-348.",https://doi.org/10.1007/s11104-018-3624-7,Literature,MG520179,Trametes versicolor,Trametes versicolor (L.) Lloyd,Fungi,Basidiomycota,Agaricomycetes,Polyporales,Polyporaceae,Trametes,Trametes versicolor,Culture based study,Root,Giessen,50.5326,8.685,Germany,NA,Galium,album,Plantae,Magnoliophyta,Magnoliopsida,Gentianales,Rubiaceae,0.922550010681152,665,195,Mexico NW deserts and montane forests
"Taghinasab, M., Imani, J., Steffens, D., Glaeser, S. P., & Kogel, K. H. (2018). The root endophytes Trametes versicolor and Piriformospora indica increase grain yield and P content in wheat. Plant and soil, 426(1), 339-348.",https://doi.org/10.1007/s11104-018-3624-7,Literature,NA,Trametes versicolor,Trametes versicolor (L.) Lloyd,Fungi,Basidiomycota,Agaricomycetes,Polyporales,Polyporaceae,Trametes,Trametes versicolor,NA,Root,Linden,50.5325,8.685,Germany,NA,Galium,album,Plantae,Magnoliophyta,Magnoliopsida,Gentianales,Rubiaceae,0.922550010681152,665,195,Mexico NW deserts and montane forests
"Wang, Y., Lai, Z., Li, X. X., Yan, R. M., Zhang, Z. B., Yang, H. L., & Zhu, D. (2016). Isolation, diversity and acetylcholinesterase inhibitory activity of the culturable endophytic fungi harboured in Huperzia serrata from Jinggang Mountain, China. World Journal of Microbiology and Biotechnology, 32, 1-23.",https://doi.org/10.1007/s11274-015-1966-3,GenBank,KP689193,Trametes versicolor,Trametes versicolor (L.) Lloyd,Fungi,Basidiomycota,Agaricomycetes,Polyporales,Polyporaceae,Trametes,Trametes versicolor,NA,Leaf,"Jiangxi province, Mt. Jinggang",NA,NA,China,NA/NA/2013,Huperzia,serrata,Plantae,Lycopodiophyta,Lycopodiopsida,Lycopodiales,Lycopodiaceae,NA,NA,NA,NA
"Huang, Q., An, H., Song, H., Mao, H., Shen, W., & Dong, J. (2015). Diversity and biotransformative potential of endophytic fungi associated with the medicinal plant Kadsura angustifolia. Research in microbiology, 166(1), 45-55.",https://doi.org/10.1016/j.resmic.2014.12.004,Literature,KM013436,Trametes versicolor,Trametes versicolor (L.) Lloyd,Fungi,Basidiomycota,Agaricomycetes,Polyporales,Polyporaceae,Trametes,Trametes versicolor,Culture based study,Branch (Twig),Xichou and Maguan of Yunnan province,NA,NA,China,20/11/2012,Kadsura,angustifolia,Plantae,Magnoliophyta,Magnoliopsida,Austrobaileyales,Schisandraceae,NA,NA,NA,NA
New species of root endophytic fungi of annual plants in Iran,Unpublished,GenBank,MG669636,Trametes versicolor,Trametes versicolor (L.) Lloyd,Fungi,Basidiomycota,Agaricomycetes,Polyporales,Polyporaceae,Trametes,Trametes versicolor,NA,Root,NA,NA,NA,Iran,NA,Lactuca,serriola,Plantae,Magnoliophyta,Magnoliopsida,Asterales,Asteraceae,NA,NA,NA,NA
"Whitaker, B. K., Christian, N., Chai, Q., & Clay, K. (2020). Foliar fungal endophyte community structure is independent of phylogenetic relatedness in an Asteraceae common garden. Ecology and Evolution, 10(24), 13895-13912.",https://doi.org/10.1002/ece3.6983,Literature,MW157686,Xylodon flaviporus,Xylodon flaviporus (Berk. & M.A.Curtis ex Cooke) Riebesehl & Langer,Fungi,Basidiomycota,Agaricomycetes,Hymenochaetales,Schizoporaceae,Xylodon,Xylodon flaviporus,Microbiome study,Leaf,Indiana,NA,NA,United States,NA/09/2014,Buddleja,NA,Plantae,Tracheophyta,Magnoliopsida,Lamiales,Scrophulariaceae,NA,NA,NA,NA
"Kernaghan, G., & Patriquin, G. (2011). Host associations between fungal root endophytes and boreal trees. Microbial ecology, 62(2), 460-473.",https://doi.org/10.1007/s00248-011-9851-6,Literature,HQ157912,Mycena,"Mycena (Pers.) Roussel, 1806",Fungi,Basidiomycota,Agaricomycetes,Agaricales,Mycenaceae,Mycena,NA,Culture based study,Root,Boreal sites in eastern Canada,NA,NA,Canada,NA,Abies,balsamea,Plantae,Pinophyta,Pinopsida,Pinales,Pinaceae,NA,NA,NA,NA
"Chi, W.-C., Chen, W., He, C.-C., Guo, S.-Y., Cha, H.-J., Tsang, L. M., Ho, T. W., & Pang, K.-L. (2019). A highly diverse fungal community associated with leaves of the mangrove plant Acanthus ilicifolius var. xiamenensis revealed by isolation and metabarcoding analyses. PeerJ, 7, e7293. ",https://doi/org/10.7717/peerj.7293,Literature,NA,Peniophora,"Peniophora Cooke, 1879",Fungi,Basidiomycota,Agaricomycetes,Russulales,Peniophoraceae,Peniophora,NA,Microbiome study,Leaf,Lieyu Township,24.45,118.25,Taiwan,NA,Acanthus,ilicifolius,Plantae,Magnoliophyta,Magnoliopsida,Lamiales,Acanthaceae,2.06508331298828,988,2,North India moist forests
Fungal root endophytes of Agathis australis,Unpublished,GenBank,MN156504,Mycena,"Mycena (Pers.) Roussel, 1806",Fungi,Basidiomycota,Agaricomycetes,Agaricales,Mycenaceae,Mycena,NA,NA,Root,Auckland Waitakere Ranges,NA,NA,New Zealand,NA,Agathis,australis,Plantae,Pinophyta,Pinopsida,Araucariales,Araucariaceae,NA,NA,NA,NA
Fungal root endophytes of Agathis australis,Unpublished,GenBank,MN156505,Mycena,"Mycena (Pers.) Roussel, 1806",Fungi,Basidiomycota,Agaricomycetes,Agaricales,Mycenaceae,Mycena,NA,NA,Root,Auckland Waitakere Ranges,NA,NA,New Zealand,NA,Agathis,australis,Plantae,Pinophyta,Pinopsida,Araucariales,Araucariaceae,NA,NA,NA,NA
Fungal root endophytes of Agathis australis,Unpublished,GenBank,MN156506,Mycena,"Mycena (Pers.) Roussel, 1806",Fungi,Basidiomycota,Agaricomycetes,Agaricales,Mycenaceae,Mycena,NA,NA,Root,Auckland Waitakere Ranges,NA,NA,New Zealand,NA,Agathis,australis,Plantae,Pinophyta,Pinopsida,Araucariales,Araucariaceae,NA,NA,NA,NA
Fungal root endophytes of Agathis australis,Unpublished,GenBank,MN218791,Mycena,"Mycena (Pers.) Roussel, 1806",Fungi,Basidiomycota,Agaricomycetes,Agaricales,Mycenaceae,Mycena,NA,NA,Root,Auckland Waitakere Ranges,NA,NA,New Zealand,NA,Agathis,australis,Plantae,Pinophyta,Pinopsida,Araucariales,Araucariaceae,NA,NA,NA,NA
Fungal root endophytes of Agathis australis,Unpublished,GenBank,MN218793,Mycena,"Mycena (Pers.) Roussel, 1806",Fungi,Basidiomycota,Agaricomycetes,Agaricales,Mycenaceae,Mycena,NA,NA,Root,Auckland Waitakere Ranges,NA,NA,New Zealand,NA,Agathis,australis,Plantae,Pinophyta,Pinopsida,Araucariales,Araucariaceae,NA,NA,NA,NA
NA19,10.13346/j.mycosystema.210177,Literature,NA,Trametes,"Trametes Fr., 1836",Fungi,Basidiomycota,Agaricomycetes,Polyporales,Polyporaceae,Trametes,NA,Microbiome study,Leaf,Suoluo National Nature Reserve,28.60058611,105.696442,China,NA/08/2020,Alsophila,spinulosa,Plantae,Polypodiophyta,Polypodiopsida,Cyatheales,Cyatheaceae,1.80823326110839,1099,257,Mexico NW deserts and montane forests
Study on the diversity of endophytic fungi of Morinda officinalis How,Unpublished,GenBank,KU529814,Peniophora,"Peniophora Cooke, 1879",Fungi,Basidiomycota,Agaricomycetes,Russulales,Peniophoraceae,Peniophora,NA,NA,NA,NA,NA,NA,NA,28/01/2015,Amomum,villosum,Plantae,Magnoliophyta,Magnoliopsida,Zingiberales,Zingiberaceae,NA,NA,NA,NA
Study on the diversity of endophytic fungi of Morinda officinalis How,Unpublished,GenBank,KU529815,Phanerochaete,"Phanerochaete P.Karst., 1889",Fungi,Basidiomycota,Agaricomycetes,Polyporales,Phanerochaetaceae,Phanerochaete,NA,NA,NA,NA,NA,NA,NA,28/01/2015,Amomum,villosum,Plantae,Magnoliophyta,Magnoliopsida,Zingiberales,Zingiberaceae,NA,NA,NA,NA
Study on the diversity of endophytic fungi of Morinda officinalis How,Unpublished,GenBank,KU529823,Phanerochaete,"Phanerochaete P.Karst., 1889",Fungi,Basidiomycota,Agaricomycetes,Polyporales,Phanerochaetaceae,Phanerochaete,NA,NA,NA,NA,NA,NA,NA,28/01/2015,Amomum,villosum,Plantae,Magnoliophyta,Magnoliopsida,Zingiberales,Zingiberaceae,NA,NA,NA,NA
Can nitrogen supersede host identity in shaping the community composition of foliar endophytic fungi in an alpine meadow ecosystem,Unpublished,GenBank,OM745336,Trametes,"Trametes Fr., 1836",Fungi,Basidiomycota,Agaricomycetes,Polyporales,Polyporaceae,Trametes,NA,NA,NA,NA,33.66667,101.85,China,NA,Anemone,rivularis,Plantae,Magnoliophyta,Magnoliopsida,Ranunculales,Ranunculaceae,0.0619000017642974,717,3535,Arabic drylands
"Endophytic fungi from pharmaceutical plant, Annona squamosa L.: Isolation, bioactivity, identification and diversity of polyketide synthase gene",Unpublished,GenBank,EF488438,Peniophora,"Peniophora Cooke, 1879",Fungi,Basidiomycota,Agaricomycetes,Russulales,Peniophoraceae,Peniophora,NA,NA,NA,NA,NA,NA,China,NA,Annona,squamosa,Plantae,Magnoliophyta,Magnoliopsida,Magnoliales,Annonaceae,NA,NA,NA,NA
"Wu, H., Yang, H., You, X., & Li, Y. (2012). Isolation and characterization of saponin-producing fungal endophytes from Aralia elata in Northeast China. International Journal of Molecular Sciences, 13(12), 16255-16266.",http://doi.org/10.3390/ijms131216255,Literature,JQ807942,Peniophora,"Peniophora Cooke, 1879",Fungi,Basidiomycota,Agaricomycetes,Russulales,Peniophoraceae,Peniophora,NA,Culture based study,Root,Xiaoxinganling,NA,NA,China,NA,Aralia,elata,Plantae,Magnoliophyta,Magnoliopsida,Apiales,Araliaceae,NA,NA,NA,NA
NA30,10.13982/j.mfst.1673-9078.2018.2.014,Literature,NA,Phanerochaete,"Phanerochaete P.Karst., 1889",Fungi,Basidiomycota,Agaricomycetes,Polyporales,Phanerochaetaceae,Phanerochaete,NA,Culture based study,Leaf,Xishuangbanna Dai Autonomous Prefecture,22.00842631,100.7734003,China,NA,Arundina,graminifolia,Plantae,Magnoliophyta,Magnoliopsida,Asparagales,Orchidaceae,2.30699996948242,1644,546,Mexico NW deserts and montane forests
"Donald, J., Barthélemy, M., Gazal, N., Eveno, Y., Manzi, S., Eparvier, V., Stien, D., & Roy, M. (2019). Tropical palm endophytes exhibit low competitive structuring when assessed using co-occurrence and antipathogen activity analysis. Frontiers in Forests and Global Change, 2, 86.",https://doi/org/10.3389/ffgc.2019.00086,Literature,MK650352,Stereum,"Stereum Hill ex Pers., 1794",Fungi,Basidiomycota,Agaricomycetes,Russulales,Stereaceae,Stereum,NA,Culture based study,Leaf,Saint Elie track ,NA,NA,French Guiana,NA,Astrocaryum,sciophilum,Plantae,Magnoliophyta,Magnoliopsida,Arecales,Arecaceae,NA,NA,NA,NA
"Donald, J., Barthélemy, M., Gazal, N., Eveno, Y., Manzi, S., Eparvier, V., Stien, D., & Roy, M. (2019). Tropical palm endophytes exhibit low competitive structuring when assessed using co-occurrence and antipathogen activity analysis. Frontiers in Forests and Global Change, 2, 86.",https://doi/org/10.3389/ffgc.2019.00086,Literature,MK650353,Stereum,"Stereum Hill ex Pers., 1794",Fungi,Basidiomycota,Agaricomycetes,Russulales,Stereaceae,Stereum,NA,Culture based study,Leaf,Saint Elie track ,NA,NA,French Guiana,NA,Astrocaryum,sciophilum,Plantae,Magnoliophyta,Magnoliopsida,Arecales,Arecaceae,NA,NA,NA,NA
"Donald, J., Barthélemy, M., Gazal, N., Eveno, Y., Manzi, S., Eparvier, V., Stien, D., & Roy, M. (2019). Tropical palm endophytes exhibit low competitive structuring when assessed using co-occurrence and antipathogen activity analysis. Frontiers in Forests and Global Change, 2, 86.",https://doi/org/10.3389/ffgc.2019.00086,Literature,MK650354,Stereum,"Stereum Hill ex Pers., 1794",Fungi,Basidiomycota,Agaricomycetes,Russulales,Stereaceae,Stereum,NA,Culture based study,Leaf,Saint Elie track ,NA,NA,French Guiana,NA,Astrocaryum,sciophilum,Plantae,Magnoliophyta,Magnoliopsida,Arecales,Arecaceae,NA,NA,NA,NA
"Donald, J., Barthélemy, M., Gazal, N., Eveno, Y., Manzi, S., Eparvier, V., Stien, D., & Roy, M. (2019). Tropical palm endophytes exhibit low competitive structuring when assessed using co-occurrence and antipathogen activity analysis. Frontiers in Forests and Global Change, 2, 86.",https://doi/org/10.3389/ffgc.2019.00086,Literature,MK650356,Stereum,"Stereum Hill ex Pers., 1794",Fungi,Basidiomycota,Agaricomycetes,Russulales,Stereaceae,Stereum,NA,Culture based study,Leaf,Saint Elie track ,NA,NA,French Guiana,NA,Astrocaryum,sciophilum,Plantae,Magnoliophyta,Magnoliopsida,Arecales,Arecaceae,NA,NA,NA,NA
"Donald, J., Barthélemy, M., Gazal, N., Eveno, Y., Manzi, S., Eparvier, V., Stien, D., & Roy, M. (2019). Tropical palm endophytes exhibit low competitive structuring when assessed using co-occurrence and antipathogen activity analysis. Frontiers in Forests and Global Change, 2, 86.",https://doi/org/10.3389/ffgc.2019.00086,Literature,MK650357,Stereum,"Stereum Hill ex Pers., 1794",Fungi,Basidiomycota,Agaricomycetes,Russulales,Stereaceae,Stereum,NA,Culture based study,Leaf,Saint Elie track ,NA,NA,French Guiana,NA,Astrocaryum,sciophilum,Plantae,Magnoliophyta,Magnoliopsida,Arecales,Arecaceae,NA,NA,NA,NA
Intense fire regimes shape the fungal endophyte assemblages of the tall-grass Brachypodium rupestre during its expansion in mountain grasslands,Unpublished,GenBank,MW528574,Mycena,"Mycena (Pers.) Roussel, 1806",Fungi,Basidiomycota,Agaricomycetes,Agaricales,Mycenaceae,Mycena,NA,NA,NA,Navarra,NA,NA,Spain,NA,Brachypodium,rupestre,Plantae,Magnoliophyta,Magnoliopsida,Poales,Poaceae,NA,NA,NA,NA
"Poveda, J., Zabalgogeazcoa, I., Soengas, P., Rodríguez, V. M., Cartea, M. E., Abilleira, R., & Velasco, P. (2020). Brassica oleracea var. acephala (kale) improvement by biological activity of root endophytic fungi. Scientific Reports, 10(1), 20224.",https://doi.org/10.1038/s41598-020-77215-7 ,GenBank,MT635595,Trametes,"Trametes Fr., 1836",Fungi,Basidiomycota,Agaricomycetes,Polyporales,Polyporaceae,Trametes,NA,NA,NA,NA,NA,NA,Spain,NA,Brassica,oleracea,Plantae,Magnoliophyta,Magnoliopsida,Brassicales,Brassicaceae,NA,NA,NA,NA
NA15,10.13346/j.mycosystema.200139,Literature,NA,Trametes,"Trametes Fr., 1836",Fungi,Basidiomycota,Agaricomycetes,Polyporales,Polyporaceae,Trametes,NA,Culture based study,NA,"Qianxin Yinkuang Community, Nanjing, Jiangsu",32.15494412,118.9570546,China,NA/05/2018,Broussonetia,papyrifera,Plantae,Magnoliophyta,Magnoliopsida,Rosales,Moraceae,1.56838331222534,1029,31,Mexico NW deserts and montane forests
Culture-based and culture-independent assessments of endophytic fungal diversity in aquatic plants in Southwest China,Unpublished,GenBank,MZ380101,Peniophora,"Peniophora Cooke, 1879",Fungi,Basidiomycota,Agaricomycetes,Russulales,Peniophoraceae,Peniophora,NA,NA,NA,NA,NA,NA,NA,NA,Buddleja,NA,Plantae,Tracheophyta,Magnoliopsida,Lamiales,Scrophulariaceae,NA,NA,NA,NA
Culture-based and culture-independent assessments of endophytic fungal diversity in aquatic plants in Southwest China,Unpublished,GenBank,MZ380110,Phanerochaete,"Phanerochaete P.Karst., 1889",Fungi,Basidiomycota,Agaricomycetes,Polyporales,Phanerochaetaceae,Phanerochaete,NA,NA,NA,NA,NA,NA,NA,NA,Buddleja,NA,Plantae,Tracheophyta,Magnoliopsida,Lamiales,Scrophulariaceae,NA,NA,NA,NA
Culture-based and culture-independent assessments of endophytic fungal diversity in aquatic plants in Southwest China,Unpublished,GenBank,MZ380146,Sistotrema,Sistotrema Fr.,Fungi,Basidiomycota,Agaricomycetes,Cantharellales,Hydnaceae,Sistotrema,NA,NA,NA,NA,NA,NA,NA,NA,Buddleja,NA,Plantae,Tracheophyta,Magnoliopsida,Lamiales,Scrophulariaceae,NA,NA,NA,NA
Culture-based and culture-independent assessments of endophytic fungal diversity in aquatic plants in Southwest China,Unpublished,GenBank,MZ380157,Trametes,"Trametes Fr., 1836",Fungi,Basidiomycota,Agaricomycetes,Polyporales,Polyporaceae,Trametes,NA,NA,NA,NA,NA,NA,NA,NA,Buddleja,NA,Plantae,Tracheophyta,Magnoliopsida,Lamiales,Scrophulariaceae,NA,NA,NA,NA
Diversity of cultivable endophytic fungi in Rubia plants and their potential for production of anti-tumor Rubiaceae-type cyclopeptides,Unpublished,GenBank,MN872487,Trametes,"Trametes Fr., 1836",Fungi,Basidiomycota,Agaricomycetes,Polyporales,Polyporaceae,Trametes,NA,NA,NA,NA,NA,NA,NA,NA,Buddleja,NA,Plantae,Tracheophyta,Magnoliopsida,Lamiales,Scrophulariaceae,NA,NA,NA,NA
Diversity of Endophytic and Pathogenic Fungi of Saffron (Crocus sativus) Plants from Cultivation Sites in Italy,Unpublished,GenBank,MW798745,Peniophora,"Peniophora Cooke, 1879",Fungi,Basidiomycota,Agaricomycetes,Russulales,Peniophoraceae,Peniophora,NA,NA,NA,NA,NA,NA,NA,NA,Buddleja,NA,Plantae,Tracheophyta,Magnoliopsida,Lamiales,Scrophulariaceae,NA,NA,NA,NA
Diversity of endophytic fungi in blueberry,Unpublished,GenBank,MK370677,Sistotrema,Sistotrema Fr.,Fungi,Basidiomycota,Agaricomycetes,Cantharellales,Hydnaceae,Sistotrema,NA,NA,NA,NA,NA,NA,NA,NA,Buddleja,NA,Plantae,Tracheophyta,Magnoliopsida,Lamiales,Scrophulariaceae,NA,NA,NA,NA
Endophyte and surrounding fungi of Ageratina adenophora,Unpublished,GenBank,MK304204,Peniophora,"Peniophora Cooke, 1879",Fungi,Basidiomycota,Agaricomycetes,Russulales,Peniophoraceae,Peniophora,NA,NA,NA,NA,NA,NA,NA,NA,Buddleja,NA,Plantae,Tracheophyta,Magnoliopsida,Lamiales,Scrophulariaceae,NA,NA,NA,NA
Endophytic fungi,Unpublished,GenBank,JX220293,Peniophora,"Peniophora Cooke, 1879",Fungi,Basidiomycota,Agaricomycetes,Russulales,Peniophoraceae,Peniophora,NA,NA,Root,NA,NA,NA,NA,NA,Buddleja,NA,Plantae,Tracheophyta,Magnoliopsida,Lamiales,Scrophulariaceae,NA,NA,NA,NA
Endophytic fungi,Unpublished,GenBank,JX238594,Peniophora,"Peniophora Cooke, 1879",Fungi,Basidiomycota,Agaricomycetes,Russulales,Peniophoraceae,Peniophora,NA,NA,Root,NA,NA,NA,NA,NA,Buddleja,NA,Plantae,Tracheophyta,Magnoliopsida,Lamiales,Scrophulariaceae,NA,NA,NA,NA
Endophytic fungi,Unpublished,GenBank,JX238661,Phanerochaete,"Phanerochaete P.Karst., 1889",Fungi,Basidiomycota,Agaricomycetes,Polyporales,Phanerochaetaceae,Phanerochaete,NA,NA,Root,NA,NA,NA,NA,NA,Buddleja,NA,Plantae,Tracheophyta,Magnoliopsida,Lamiales,Scrophulariaceae,NA,NA,NA,NA
Endophytic fungi assemblages from 6 families of Dendrobium officinale,Unpublished,GenBank,KX611640,Peniophora,"Peniophora Cooke, 1879",Fungi,Basidiomycota,Agaricomycetes,Russulales,Peniophoraceae,Peniophora,NA,NA,NA,NA,NA,NA,NA,NA,Buddleja,NA,Plantae,Tracheophyta,Magnoliopsida,Lamiales,Scrophulariaceae,NA,NA,NA,NA
Endophytic fungi assemblages from 6 families of Dendrobium officinale,Unpublished,GenBank,KX611643,Peniophora,"Peniophora Cooke, 1879",Fungi,Basidiomycota,Agaricomycetes,Russulales,Peniophoraceae,Peniophora,NA,NA,NA,NA,NA,NA,NA,NA,Buddleja,NA,Plantae,Tracheophyta,Magnoliopsida,Lamiales,Scrophulariaceae,NA,NA,NA,NA
Endophytic fungi assemblages from 6 families of Dendrobium officinale,Unpublished,GenBank,KX611636,Phanerochaete,"Phanerochaete P.Karst., 1889",Fungi,Basidiomycota,Agaricomycetes,Polyporales,Phanerochaetaceae,Phanerochaete,NA,NA,NA,NA,NA,NA,NA,NA,Buddleja,NA,Plantae,Tracheophyta,Magnoliopsida,Lamiales,Scrophulariaceae,NA,NA,NA,NA
Endophytic fungi of conifers,Unpublished,GenBank,MN944414,Peniophora,"Peniophora Cooke, 1879",Fungi,Basidiomycota,Agaricomycetes,Russulales,Peniophoraceae,Peniophora,NA,NA,NA,NA,NA,NA,NA,NA,Buddleja,NA,Plantae,Tracheophyta,Magnoliopsida,Lamiales,Scrophulariaceae,NA,NA,NA,NA
Geographic and Tissue Influences on Endophytic Fungal Communities of Taxus chinensis var. mairei in China,Unpublished,GenBank,JN198493,Peniophora,"Peniophora Cooke, 1879",Fungi,Basidiomycota,Agaricomycetes,Russulales,Peniophoraceae,Peniophora,NA,NA,NA,NA,NA,NA,NA,NA,Buddleja,NA,Plantae,Tracheophyta,Magnoliopsida,Lamiales,Scrophulariaceae,NA,NA,NA,NA
Integration of Arbuscular Mycorrhizal and Endophyte Fungi in a Biological Control of Himalayan balsam,Unpublished,GenBank,MH428683,Peniophora,"Peniophora Cooke, 1879",Fungi,Basidiomycota,Agaricomycetes,Russulales,Peniophoraceae,Peniophora,NA,NA,NA,NA,NA,NA,United Kingdom,NA,Buddleja,NA,Plantae,Tracheophyta,Magnoliopsida,Lamiales,Scrophulariaceae,NA,NA,NA,NA
Isolation and Identification of Endophytic Fungi in Adlay (Coix lachryma-jobi L. var. ma-yuen Stapf),Unpublished,GenBank,KJ572205,Peniophora,"Peniophora Cooke, 1879",Fungi,Basidiomycota,Agaricomycetes,Russulales,Peniophoraceae,Peniophora,NA,NA,NA,NA,NA,NA,NA,NA,Buddleja,NA,Plantae,Tracheophyta,Magnoliopsida,Lamiales,Scrophulariaceae,NA,NA,NA,NA
"Kim, H., You, Y. H., Yoon, H., Seo, Y., Kim, Y. E., Choo, Y. S., ... & Kim, J. G. (2014). Culturable fungal endophytes isolated from the roots of coastal plants inhabiting Korean east coast. Mycobiology, 42(2), 100-108.",https://doi.org/10.5941/MYCO.2014.42.2.100,Literature,JX238948,Peniophora,"Peniophora Cooke, 1879",Fungi,Basidiomycota,Agaricomycetes,Russulales,Peniophoraceae,Peniophora,NA,Culture based study,Root,NA,NA,NA,South Korea,NA,Buddleja,NA,Plantae,Tracheophyta,Magnoliopsida,Lamiales,Scrophulariaceae,NA,NA,NA,NA
Molecular identification and antimicrobial activity of Endophytic Fungi from Cyclocarya paliurus,Unpublished,GenBank,MZ648306,Phanerochaete,"Phanerochaete P.Karst., 1889",Fungi,Basidiomycota,Agaricomycetes,Polyporales,Phanerochaetaceae,Phanerochaete,NA,NA,NA,NA,NA,NA,NA,NA,Buddleja,NA,Plantae,Tracheophyta,Magnoliopsida,Lamiales,Scrophulariaceae,NA,NA,NA,NA
"Molecular identification, bioactive and phytochemical screening of culturable endophytic fungi isolated from Rubia plants: A novel source of anti-tumor Rubiaceae-type cyclopeptides",Unpublished,GenBank,MN856205,Phanerochaete,"Phanerochaete P.Karst., 1889",Fungi,Basidiomycota,Agaricomycetes,Polyporales,Phanerochaetaceae,Phanerochaete,NA,NA,NA,NA,NA,NA,NA,NA,Buddleja,NA,Plantae,Tracheophyta,Magnoliopsida,Lamiales,Scrophulariaceae,NA,NA,NA,NA
"Molecular identification, bioactive and phytochemical screening of culturable endophytic fungi isolated from Rubia plants: A novel source of anti-tumor Rubiaceae-type cyclopeptides",Unpublished,GenBank,MN856233,Phanerochaete,"Phanerochaete P.Karst., 1889",Fungi,Basidiomycota,Agaricomycetes,Polyporales,Phanerochaetaceae,Phanerochaete,NA,NA,NA,NA,NA,NA,NA,NA,Buddleja,NA,Plantae,Tracheophyta,Magnoliopsida,Lamiales,Scrophulariaceae,NA,NA,NA,NA
"Molecular identification, bioactive and phytochemical screening of culturable endophytic fungi isolated from Rubia plants: A novel source of anti-tumor Rubiaceae-type cyclopeptides",Unpublished,GenBank,MN856442,Phanerochaete,"Phanerochaete P.Karst., 1889",Fungi,Basidiomycota,Agaricomycetes,Polyporales,Phanerochaetaceae,Phanerochaete,NA,NA,NA,NA,NA,NA,NA,NA,Buddleja,NA,Plantae,Tracheophyta,Magnoliopsida,Lamiales,Scrophulariaceae,NA,NA,NA,NA
"Molecular identification, bioactive and phytochemical screening of culturable endophytic fungi isolated from Rubia plants: A novel source of anti-tumor Rubiaceae-type cyclopeptides",Unpublished,GenBank,MN856273,Trametes,"Trametes Fr., 1836",Fungi,Basidiomycota,Agaricomycetes,Polyporales,Polyporaceae,Trametes,NA,NA,NA,NA,NA,NA,NA,NA,Buddleja,NA,Plantae,Tracheophyta,Magnoliopsida,Lamiales,Scrophulariaceae,NA,NA,NA,NA
"Molecular identification, bioactive and phytochemical screening of culturable endophytic fungi isolated from Rubia plants: A novel source of anti-tumor Rubiaceae-type cyclopeptides",Unpublished,GenBank,MN856362,Trametes,"Trametes Fr., 1836",Fungi,Basidiomycota,Agaricomycetes,Polyporales,Polyporaceae,Trametes,NA,NA,NA,NA,NA,NA,NA,NA,Buddleja,NA,Plantae,Tracheophyta,Magnoliopsida,Lamiales,Scrophulariaceae,NA,NA,NA,NA
Species diversity of culturable endophytic fungi from Brazilian mangrove forests,Unpublished,GenBank,HQ023104,Phanerochaete,"Phanerochaete P.Karst., 1889",Fungi,Basidiomycota,Agaricomycetes,Polyporales,Phanerochaetaceae,Phanerochaete,NA,NA,NA,NA,NA,NA,Brazil,NA,Buddleja,NA,Plantae,Tracheophyta,Magnoliopsida,Lamiales,Scrophulariaceae,NA,NA,NA,NA
"Sun, X., Kosman, E., Sharon, O., Ezrati, S., & Sharon, A. (2020). Significant host‐and environment‐dependent differentiation among highly sporadic fungal endophyte communities in cereal crops‐related wild grasses. Environmental Microbiology, 22(8), 3357-3374.",https://doi.org/10.1111/1462-2920.15107,Literature,MN898796,Exidia,Exidia Fr.,Fungi,Basidiomycota,Tremellomycetes,Tremellales,Exidiaceae,Exidia,NA,Microbiome study,Branch (Twig),NA,NA,NA,Israel,NA/NA/2018,Buddleja,NA,Plantae,Tracheophyta,Magnoliopsida,Lamiales,Scrophulariaceae,NA,NA,NA,NA
"Sun, X., Kosman, E., Sharon, O., Ezrati, S., & Sharon, A. (2020). Significant host‐and environment‐dependent differentiation among highly sporadic fungal endophyte communities in cereal crops‐related wild grasses. Environmental Microbiology, 22(8), 3357-3374.",https://doi.org/10.1111/1462-2920.15107,Literature,MN900215,Mycena,"Mycena (Pers.) Roussel, 1806",Fungi,Basidiomycota,Agaricomycetes,Agaricales,Mycenaceae,Mycena,NA,Microbiome study,Branch (Twig),NA,NA,NA,Israel,NA/NA/2018,Buddleja,NA,Plantae,Tracheophyta,Magnoliopsida,Lamiales,Scrophulariaceae,NA,NA,NA,NA
"Sun, X., Kosman, E., Sharon, O., Ezrati, S., & Sharon, A. (2020). Significant host‐and environment‐dependent differentiation among highly sporadic fungal endophyte communities in cereal crops‐related wild grasses. Environmental Microbiology, 22(8), 3357-3374.",https://doi.org/10.1111/1462-2920.15107,Literature,MN898183,Peniophora,"Peniophora Cooke, 1879",Fungi,Basidiomycota,Agaricomycetes,Russulales,Peniophoraceae,Peniophora,NA,Microbiome study,Branch (Twig),NA,NA,NA,Israel,NA/NA/2018,Buddleja,NA,Plantae,Tracheophyta,Magnoliopsida,Lamiales,Scrophulariaceae,NA,NA,NA,NA
"Sun, X., Kosman, E., Sharon, O., Ezrati, S., & Sharon, A. (2020). Significant host‐and environment‐dependent differentiation among highly sporadic fungal endophyte communities in cereal crops‐related wild grasses. Environmental Microbiology, 22(8), 3357-3374.",https://doi.org/10.1111/1462-2920.15107,Literature,MN898468,Peniophora,"Peniophora Cooke, 1879",Fungi,Basidiomycota,Agaricomycetes,Russulales,Peniophoraceae,Peniophora,NA,Microbiome study,Branch (Twig),NA,NA,NA,Israel,NA/NA/2018,Buddleja,NA,Plantae,Tracheophyta,Magnoliopsida,Lamiales,Scrophulariaceae,NA,NA,NA,NA
"Sun, X., Kosman, E., Sharon, O., Ezrati, S., & Sharon, A. (2020). Significant host‐and environment‐dependent differentiation among highly sporadic fungal endophyte communities in cereal crops‐related wild grasses. Environmental Microbiology, 22(8), 3357-3374.",https://doi.org/10.1111/1462-2920.15107,Literature,MN898499,Peniophora,"Peniophora Cooke, 1879",Fungi,Basidiomycota,Agaricomycetes,Russulales,Peniophoraceae,Peniophora,NA,Microbiome study,Branch (Twig),NA,NA,NA,Israel,NA/NA/2018,Buddleja,NA,Plantae,Tracheophyta,Magnoliopsida,Lamiales,Scrophulariaceae,NA,NA,NA,NA
"Sun, X., Kosman, E., Sharon, O., Ezrati, S., & Sharon, A. (2020). Significant host‐and environment‐dependent differentiation among highly sporadic fungal endophyte communities in cereal crops‐related wild grasses. Environmental Microbiology, 22(8), 3357-3374.",https://doi.org/10.1111/1462-2920.15107,Literature,MN898543,Peniophora,"Peniophora Cooke, 1879",Fungi,Basidiomycota,Agaricomycetes,Russulales,Peniophoraceae,Peniophora,NA,Microbiome study,Branch (Twig),NA,NA,NA,Israel,NA/NA/2018,Buddleja,NA,Plantae,Tracheophyta,Magnoliopsida,Lamiales,Scrophulariaceae,NA,NA,NA,NA
"Sun, X., Kosman, E., Sharon, O., Ezrati, S., & Sharon, A. (2020). Significant host‐and environment‐dependent differentiation among highly sporadic fungal endophyte communities in cereal crops‐related wild grasses. Environmental Microbiology, 22(8), 3357-3374.",https://doi.org/10.1111/1462-2920.15107,Literature,MN898630,Peniophora,"Peniophora Cooke, 1879",Fungi,Basidiomycota,Agaricomycetes,Russulales,Peniophoraceae,Peniophora,NA,Microbiome study,Branch (Twig),NA,NA,NA,Israel,NA/NA/2018,Buddleja,NA,Plantae,Tracheophyta,Magnoliopsida,Lamiales,Scrophulariaceae,NA,NA,NA,NA
"Sun, X., Kosman, E., Sharon, O., Ezrati, S., & Sharon, A. (2020). Significant host‐and environment‐dependent differentiation among highly sporadic fungal endophyte communities in cereal crops‐related wild grasses. Environmental Microbiology, 22(8), 3357-3374.",https://doi.org/10.1111/1462-2920.15107,Literature,MN898731,Peniophora,"Peniophora Cooke, 1879",Fungi,Basidiomycota,Agaricomycetes,Russulales,Peniophoraceae,Peniophora,NA,Microbiome study,Branch (Twig),NA,NA,NA,Israel,NA/NA/2018,Buddleja,NA,Plantae,Tracheophyta,Magnoliopsida,Lamiales,Scrophulariaceae,NA,NA,NA,NA
"Sun, X., Kosman, E., Sharon, O., Ezrati, S., & Sharon, A. (2020). Significant host‐and environment‐dependent differentiation among highly sporadic fungal endophyte communities in cereal crops‐related wild grasses. Environmental Microbiology, 22(8), 3357-3374.",https://doi.org/10.1111/1462-2920.15107,Literature,MN898808,Peniophora,"Peniophora Cooke, 1879",Fungi,Basidiomycota,Agaricomycetes,Russulales,Peniophoraceae,Peniophora,NA,Microbiome study,Branch (Twig),NA,NA,NA,Israel,NA/NA/2018,Buddleja,NA,Plantae,Tracheophyta,Magnoliopsida,Lamiales,Scrophulariaceae,NA,NA,NA,NA
"Sun, X., Kosman, E., Sharon, O., Ezrati, S., & Sharon, A. (2020). Significant host‐and environment‐dependent differentiation among highly sporadic fungal endophyte communities in cereal crops‐related wild grasses. Environmental Microbiology, 22(8), 3357-3374.",https://doi.org/10.1111/1462-2920.15107,Literature,MN898882,Peniophora,"Peniophora Cooke, 1879",Fungi,Basidiomycota,Agaricomycetes,Russulales,Peniophoraceae,Peniophora,NA,Microbiome study,Branch (Twig),NA,NA,NA,Israel,NA/NA/2018,Buddleja,NA,Plantae,Tracheophyta,Magnoliopsida,Lamiales,Scrophulariaceae,NA,NA,NA,NA
"Sun, X., Kosman, E., Sharon, O., Ezrati, S., & Sharon, A. (2020). Significant host‐and environment‐dependent differentiation among highly sporadic fungal endophyte communities in cereal crops‐related wild grasses. Environmental Microbiology, 22(8), 3357-3374.",https://doi.org/10.1111/1462-2920.15107,Literature,MN898946,Peniophora,"Peniophora Cooke, 1879",Fungi,Basidiomycota,Agaricomycetes,Russulales,Peniophoraceae,Peniophora,NA,Microbiome study,Branch (Twig),NA,NA,NA,Israel,NA/NA/2018,Buddleja,NA,Plantae,Tracheophyta,Magnoliopsida,Lamiales,Scrophulariaceae,NA,NA,NA,NA
"Sun, X., Kosman, E., Sharon, O., Ezrati, S., & Sharon, A. (2020). Significant host‐and environment‐dependent differentiation among highly sporadic fungal endophyte communities in cereal crops‐related wild grasses. Environmental Microbiology, 22(8), 3357-3374.",https://doi.org/10.1111/1462-2920.15107,Literature,MN899074,Peniophora,"Peniophora Cooke, 1879",Fungi,Basidiomycota,Agaricomycetes,Russulales,Peniophoraceae,Peniophora,NA,Microbiome study,Branch (Twig),NA,NA,NA,Israel,NA/NA/2018,Buddleja,NA,Plantae,Tracheophyta,Magnoliopsida,Lamiales,Scrophulariaceae,NA,NA,NA,NA
"Sun, X., Kosman, E., Sharon, O., Ezrati, S., & Sharon, A. (2020). Significant host‐and environment‐dependent differentiation among highly sporadic fungal endophyte communities in cereal crops‐related wild grasses. Environmental Microbiology, 22(8), 3357-3374.",https://doi.org/10.1111/1462-2920.15107,Literature,MN899127,Peniophora,"Peniophora Cooke, 1879",Fungi,Basidiomycota,Agaricomycetes,Russulales,Peniophoraceae,Peniophora,NA,Microbiome study,Branch (Twig),NA,NA,NA,Israel,NA/NA/2018,Buddleja,NA,Plantae,Tracheophyta,Magnoliopsida,Lamiales,Scrophulariaceae,NA,NA,NA,NA
"Sun, X., Kosman, E., Sharon, O., Ezrati, S., & Sharon, A. (2020). Significant host‐and environment‐dependent differentiation among highly sporadic fungal endophyte communities in cereal crops‐related wild grasses. Environmental Microbiology, 22(8), 3357-3374.",https://doi.org/10.1111/1462-2920.15107,Literature,MN899188,Peniophora,"Peniophora Cooke, 1879",Fungi,Basidiomycota,Agaricomycetes,Russulales,Peniophoraceae,Peniophora,NA,Microbiome study,Branch (Twig),NA,NA,NA,Israel,NA/NA/2018,Buddleja,NA,Plantae,Tracheophyta,Magnoliopsida,Lamiales,Scrophulariaceae,NA,NA,NA,NA
"Sun, X., Kosman, E., Sharon, O., Ezrati, S., & Sharon, A. (2020). Significant host‐and environment‐dependent differentiation among highly sporadic fungal endophyte communities in cereal crops‐related wild grasses. Environmental Microbiology, 22(8), 3357-3374.",https://doi.org/10.1111/1462-2920.15107,Literature,MN899238,Peniophora,"Peniophora Cooke, 1879",Fungi,Basidiomycota,Agaricomycetes,Russulales,Peniophoraceae,Peniophora,NA,Microbiome study,Branch (Twig),NA,NA,NA,Israel,NA/NA/2018,Buddleja,NA,Plantae,Tracheophyta,Magnoliopsida,Lamiales,Scrophulariaceae,NA,NA,NA,NA
"Sun, X., Kosman, E., Sharon, O., Ezrati, S., & Sharon, A. (2020). Significant host‐and environment‐dependent differentiation among highly sporadic fungal endophyte communities in cereal crops‐related wild grasses. Environmental Microbiology, 22(8), 3357-3374.",https://doi.org/10.1111/1462-2920.15107,Literature,MN899330,Peniophora,"Peniophora Cooke, 1879",Fungi,Basidiomycota,Agaricomycetes,Russulales,Peniophoraceae,Peniophora,NA,Microbiome study,Branch (Twig),NA,NA,NA,Israel,NA/NA/2018,Buddleja,NA,Plantae,Tracheophyta,Magnoliopsida,Lamiales,Scrophulariaceae,NA,NA,NA,NA
"Sun, X., Kosman, E., Sharon, O., Ezrati, S., & Sharon, A. (2020). Significant host‐and environment‐dependent differentiation among highly sporadic fungal endophyte communities in cereal crops‐related wild grasses. Environmental Microbiology, 22(8), 3357-3374.",https://doi.org/10.1111/1462-2920.15107,Literature,MN899436,Peniophora,"Peniophora Cooke, 1879",Fungi,Basidiomycota,Agaricomycetes,Russulales,Peniophoraceae,Peniophora,NA,Microbiome study,Branch (Twig),NA,NA,NA,Israel,NA/NA/2018,Buddleja,NA,Plantae,Tracheophyta,Magnoliopsida,Lamiales,Scrophulariaceae,NA,NA,NA,NA
"Sun, X., Kosman, E., Sharon, O., Ezrati, S., & Sharon, A. (2020). Significant host‐and environment‐dependent differentiation among highly sporadic fungal endophyte communities in cereal crops‐related wild grasses. Environmental Microbiology, 22(8), 3357-3374.",https://doi.org/10.1111/1462-2920.15107,Literature,MN899535,Peniophora,"Peniophora Cooke, 1879",Fungi,Basidiomycota,Agaricomycetes,Russulales,Peniophoraceae,Peniophora,NA,Microbiome study,Branch (Twig),NA,NA,NA,Israel,NA/NA/2018,Buddleja,NA,Plantae,Tracheophyta,Magnoliopsida,Lamiales,Scrophulariaceae,NA,NA,NA,NA
"Sun, X., Kosman, E., Sharon, O., Ezrati, S., & Sharon, A. (2020). Significant host‐and environment‐dependent differentiation among highly sporadic fungal endophyte communities in cereal crops‐related wild grasses. Environmental Microbiology, 22(8), 3357-3374.",https://doi.org/10.1111/1462-2920.15107,Literature,MN899597,Peniophora,"Peniophora Cooke, 1879",Fungi,Basidiomycota,Agaricomycetes,Russulales,Peniophoraceae,Peniophora,NA,Microbiome study,Branch (Twig),NA,NA,NA,Israel,NA/NA/2018,Buddleja,NA,Plantae,Tracheophyta,Magnoliopsida,Lamiales,Scrophulariaceae,NA,NA,NA,NA
"Sun, X., Kosman, E., Sharon, O., Ezrati, S., & Sharon, A. (2020). Significant host‐and environment‐dependent differentiation among highly sporadic fungal endophyte communities in cereal crops‐related wild grasses. Environmental Microbiology, 22(8), 3357-3374.",https://doi.org/10.1111/1462-2920.15107,Literature,MN898867,Peniophorella,Peniophorella P.Karst.,Fungi,Basidiomycota,Agaricomycetes,Hymenochaetales,Rickenellaceae,Peniophorella,NA,Microbiome study,Branch (Twig),NA,NA,NA,Israel,NA/NA/2018,Buddleja,NA,Plantae,Tracheophyta,Magnoliopsida,Lamiales,Scrophulariaceae,NA,NA,NA,NA
"Sun, X., Kosman, E., Sharon, O., Ezrati, S., & Sharon, A. (2020). Significant host‐and environment‐dependent differentiation among highly sporadic fungal endophyte communities in cereal crops‐related wild grasses. Environmental Microbiology, 22(8), 3357-3374.",https://doi.org/10.1111/1462-2920.15107,Literature,MN899506,Peniophorella,Peniophorella P.Karst.,Fungi,Basidiomycota,Agaricomycetes,Hymenochaetales,Rickenellaceae,Peniophorella,NA,Microbiome study,Branch (Twig),NA,NA,NA,Israel,NA/NA/2018,Buddleja,NA,Plantae,Tracheophyta,Magnoliopsida,Lamiales,Scrophulariaceae,NA,NA,NA,NA
"Sun, X., Kosman, E., Sharon, O., Ezrati, S., & Sharon, A. (2020). Significant host‐and environment‐dependent differentiation among highly sporadic fungal endophyte communities in cereal crops‐related wild grasses. Environmental Microbiology, 22(8), 3357-3374.",https://doi.org/10.1111/1462-2920.15107,Literature,MN898134,Phanerochaete,"Phanerochaete P.Karst., 1889",Fungi,Basidiomycota,Agaricomycetes,Polyporales,Phanerochaetaceae,Phanerochaete,NA,Microbiome study,Branch (Twig),NA,NA,NA,Israel,NA/NA/2018,Buddleja,NA,Plantae,Tracheophyta,Magnoliopsida,Lamiales,Scrophulariaceae,NA,NA,NA,NA
"Sun, X., Kosman, E., Sharon, O., Ezrati, S., & Sharon, A. (2020). Significant host‐and environment‐dependent differentiation among highly sporadic fungal endophyte communities in cereal crops‐related wild grasses. Environmental Microbiology, 22(8), 3357-3374.",https://doi.org/10.1111/1462-2920.15107,Literature,MN898409,Phanerochaete,"Phanerochaete P.Karst., 1889",Fungi,Basidiomycota,Agaricomycetes,Polyporales,Phanerochaetaceae,Phanerochaete,NA,Microbiome study,Branch (Twig),NA,NA,NA,Israel,NA/NA/2018,Buddleja,NA,Plantae,Tracheophyta,Magnoliopsida,Lamiales,Scrophulariaceae,NA,NA,NA,NA
"Sun, X., Kosman, E., Sharon, O., Ezrati, S., & Sharon, A. (2020). Significant host‐and environment‐dependent differentiation among highly sporadic fungal endophyte communities in cereal crops‐related wild grasses. Environmental Microbiology, 22(8), 3357-3374.",https://doi.org/10.1111/1462-2920.15107,Literature,MN899049,Phanerochaete,"Phanerochaete P.Karst., 1889",Fungi,Basidiomycota,Agaricomycetes,Polyporales,Phanerochaetaceae,Phanerochaete,NA,Microbiome study,Branch (Twig),NA,NA,NA,Israel,NA/NA/2018,Buddleja,NA,Plantae,Tracheophyta,Magnoliopsida,Lamiales,Scrophulariaceae,NA,NA,NA,NA
"Sun, X., Kosman, E., Sharon, O., Ezrati, S., & Sharon, A. (2020). Significant host‐and environment‐dependent differentiation among highly sporadic fungal endophyte communities in cereal crops‐related wild grasses. Environmental Microbiology, 22(8), 3357-3374.",https://doi.org/10.1111/1462-2920.15107,Literature,MN899962,Sistotrema,Sistotrema Fr.,Fungi,Basidiomycota,Agaricomycetes,Cantharellales,Hydnaceae,Sistotrema,NA,Microbiome study,Branch (Twig),NA,NA,NA,Israel,NA/NA/2018,Buddleja,NA,Plantae,Tracheophyta,Magnoliopsida,Lamiales,Scrophulariaceae,NA,NA,NA,NA
"Sun, X., Kosman, E., Sharon, O., Ezrati, S., & Sharon, A. (2020). Significant host‐and environment‐dependent differentiation among highly sporadic fungal endophyte communities in cereal crops‐related wild grasses. Environmental Microbiology, 22(8), 3357-3374.",https://doi.org/10.1111/1462-2920.15107,Literature,MN900259,Sistotrema,Sistotrema Fr.,Fungi,Basidiomycota,Agaricomycetes,Cantharellales,Hydnaceae,Sistotrema,NA,Microbiome study,Branch (Twig),NA,NA,NA,Israel,NA/NA/2018,Buddleja,NA,Plantae,Tracheophyta,Magnoliopsida,Lamiales,Scrophulariaceae,NA,NA,NA,NA
"Wang, Y. L., Gao, C., Chen, L., Ji, N. N., Wu, B. W., Lü, P. P., ... & Guo, L. D. (2020). Community assembly of endophytic fungi in ectomycorrhizae of betulaceae plants at a regional scale. Frontiers in microbiology, 10, 3105.",https://doi.org/10.3389/fmicb.2019.03105,Literature,LR586576,Mycena,"Mycena (Pers.) Roussel, 1806",Fungi,Basidiomycota,Agaricomycetes,Agaricales,Mycenaceae,Mycena,NA,Culture based study,Root,Forest sites,NA,NA,China,NA,Buddleja,NA,Plantae,Tracheophyta,Magnoliopsida,Lamiales,Scrophulariaceae,NA,NA,NA,NA
"Wang, Y. L., Gao, C., Chen, L., Ji, N. N., Wu, B. W., Lü, P. P., ... & Guo, L. D. (2020). Community assembly of endophytic fungi in ectomycorrhizae of betulaceae plants at a regional scale. Frontiers in microbiology, 10, 3105.",https://doi.org/10.3389/fmicb.2019.03105,Literature,LR586083,Sistotrema,Sistotrema Fr.,Fungi,Basidiomycota,Agaricomycetes,Cantharellales,Hydnaceae,Sistotrema,NA,Culture based study,Root,Forest sites,NA,NA,China,NA,Buddleja,NA,Plantae,Tracheophyta,Magnoliopsida,Lamiales,Scrophulariaceae,NA,NA,NA,NA
"Whitaker, B. K., Christian, N., Chai, Q., & Clay, K. (2020). Foliar fungal endophyte community structure is independent of phylogenetic relatedness in an Asteraceae common garden. Ecology and Evolution, 10(24), 13895-13912.",https://doi.org/10.1002/ece3.6983,Literature,MW157421,Peniophora,"Peniophora Cooke, 1879",Fungi,Basidiomycota,Agaricomycetes,Russulales,Peniophoraceae,Peniophora,NA,Microbiome study,Leaf,Indiana,NA,NA,United States,NA/09/2014,Buddleja,NA,Plantae,Tracheophyta,Magnoliopsida,Lamiales,Scrophulariaceae,NA,NA,NA,NA
"Whitaker, B. K., Christian, N., Chai, Q., & Clay, K. (2020). Foliar fungal endophyte community structure is independent of phylogenetic relatedness in an Asteraceae common garden. Ecology and Evolution, 10(24), 13895-13912.",https://doi.org/10.1002/ece3.6983,Literature,MW157892,Stereum,"Stereum Hill ex Pers., 1794",Fungi,Basidiomycota,Agaricomycetes,Russulales,Stereaceae,Stereum,NA,Microbiome study,Leaf,Indiana,NA,NA,United States,NA/09/2014,Buddleja,NA,Plantae,Tracheophyta,Magnoliopsida,Lamiales,Scrophulariaceae,NA,NA,NA,NA
Diversity and Biocontrol Potential of Tea Endophytic Fungi,Unpublished,GenBank,LC169801,Peniophora,"Peniophora Cooke, 1879",Fungi,Basidiomycota,Agaricomycetes,Russulales,Peniophoraceae,Peniophora,NA,NA,Others,Saitama Tea Research Institute,NA,NA,Japan,NA,Camellia,sinensis,Plantae,Magnoliophyta,Magnoliopsida,Ericales,Theaceae,NA,NA,NA,NA
Benomyl changes the fungal endophytes communities isolated from agricultural crops and improves the isolation of basidiomycetous endophytic yeasts,Unpublished,GenBank,KM246215,Peniophora,"Peniophora Cooke, 1879",Fungi,Basidiomycota,Agaricomycetes,Russulales,Peniophoraceae,Peniophora,NA,NA,NA,NA,NA,NA,NA,NA/NA/2013,Coffea,NA,Plantae,Magnoliophyta,Magnoliopsida,Gentianales,Rubiaceae,NA,NA,NA,NA
"Fulthorpe, R., Martin, A. R., & Isaac, M. E. (2020). Root endophytes of coffee (Coffea arabica): variation across climatic gradients and relationships with functional traits. Phytobiomes Journal, 4(1), 27-39. ",https://doi/org/10.1094/PBIOMES-04-19-0021-R,Literature,PRJNA556713,Mycena,"Mycena (Pers.) Roussel, 1806",Fungi,Basidiomycota,Agaricomycetes,Agaricales,Mycenaceae,Mycena,NA,Microbiome study,Root,NA,NA,NA,NA,NA/4/2014,Coffea,arabica,Plantae,Magnoliophyta,Magnoliopsida,Gentianales,Rubiaceae,NA,NA,NA,NA
Fungal endophyte diversity in coffee plants,Unpublished,GenBank,EU009970,Stereum,"Stereum Hill ex Pers., 1794",Fungi,Basidiomycota,Agaricomycetes,Russulales,Stereaceae,Stereum,NA,NA,Leaf,NA,NA,NA,Colombia,NA,Coffea,arabica,Plantae,Magnoliophyta,Magnoliopsida,Gentianales,Rubiaceae,NA,NA,NA,NA
Fungal endophyte diversity in coffee plants,Unpublished,GenBank,EU009977,Trametes,"Trametes Fr., 1836",Fungi,Basidiomycota,Agaricomycetes,Polyporales,Polyporaceae,Trametes,NA,NA,Fruit,Hawaii,NA,NA,United States,NA,Coffea,arabica,Plantae,Magnoliophyta,Magnoliopsida,Gentianales,Rubiaceae,NA,NA,NA,NA
Natural diversity of endophytic fungi community associated with coffee plant from Ethiopia,Unpublished,GenBank,FJ827618,Trametes,"Trametes Fr., 1836",Fungi,Basidiomycota,Agaricomycetes,Polyporales,Polyporaceae,Trametes,NA,NA,NA,NA,NA,NA,Ethiopia,NA,Coffea,NA,Plantae,Magnoliophyta,Magnoliopsida,Gentianales,Rubiaceae,NA,NA,NA,NA
Endophytes from Coleostephus myconis,Unpublished,GenBank,MH374375,Peniophora,"Peniophora Cooke, 1879",Fungi,Basidiomycota,Agaricomycetes,Russulales,Peniophoraceae,Peniophora,NA,NA,Leaf,NA,NA,NA,Portugal,NA/NA/2017,Coleostephus,myconis,Plantae,Magnoliophyta,Magnoliopsida,Asterales,Asteraceae,NA,NA,NA,NA
Foliar endophytic fungi of temperate deciduous broad-leaved trees and their inhibitory effects on foliar pathogens in vitro,Unpublished,GenBank,LC128382,Entocybe,"Entocybe T.J Baroni, V.Hofstetter & Largent, 2011",Fungi,Basidiomycota,Agaricomycetes,Agaricales,Entolomataceae,Entocybe,NA,NA,Leaf,Yamagata,38.46,140.45,Japan,NA/NA/2013,Cornus,controversa,Plantae,Magnoliophyta,Magnoliopsida,Cornales,Cornaceae,0.917449951171875,1414,474,Mexico NW deserts and montane forests
Endophytic fungi from Crescentia alata Kunth. (Bignoniaceae),Unpublished,GenBank,MH578040,Trametes,"Trametes Fr., 1836",Fungi,Basidiomycota,Agaricomycetes,Polyporales,Polyporaceae,Trametes,NA,NA,Branch (Twig),Morelos,NA,NA,Mexico,NA/03/2015,Crescentia,alata,Plantae,Magnoliophyta,Magnoliopsida,Lamiales,Bignoniaceae,NA,NA,NA,NA
NA12,10.13287/j.1001-9332.201703.008,Literature,NA,Phanerochaete,"Phanerochaete P.Karst., 1889",Fungi,Basidiomycota,Agaricomycetes,Polyporales,Phanerochaetaceae,Phanerochaete,NA,Culture based study,Flower,Tenggeli Desert,38.73333,105.3667,China,NA/05/2015,Cynomorium,songaricum,Plantae,Magnoliophyta,Magnoliopsida,Saxifragales,Cynomoriaceae,0.875716686248779,174,1292,Mexico NW deserts and montane forests
"Sánchez Márquez, M., Bills, G. F., & Zabalgogeazcoa, I. (2007). The endophytic mycobiota of the grass Dactylis glomerata.",NA,Literature,AM262439,Mycena,"Mycena (Pers.) Roussel, 1806",Fungi,Basidiomycota,Agaricomycetes,Agaricales,Mycenaceae,Mycena,NA,Culture based study,Leaf,Central-western Spain,NA,NA,Spain,NA,Dactylis,glomerata,Plantae,Magnoliophyta,Magnoliopsida,Poales,Poaceae,NA,NA,NA,NA
Diversity of endophytic fungi from Dalbergia odorifera T.Chen,Unpublished,GenBank,KF019255,Auricularia,"Auricularia Bull., 1780",Fungi,Basidiomycota,Agaricomycetes,Auriculariales,Auriculariaceae,Auricularia,NA,NA,NA,"Guangdong province, Puning",NA,NA,China,16/07/2011,Dalbergia,odorifera,Plantae,Magnoliophyta,Magnoliopsida,Fabales,Fabaceae,NA,NA,NA,NA
Endophyte communities of Dalea purpurea in native prairie remnants,Unpublished,GenBank,MK595569,Peniophora,"Peniophora Cooke, 1879",Fungi,Basidiomycota,Agaricomycetes,Russulales,Peniophoraceae,Peniophora,NA,NA,Leaf,"Oronoco Prairie SNA, MN",NA,NA,United States,24/06/2015,Dalea,purpurea,Plantae,Magnoliophyta,Magnoliopsida,Fabales,Fabaceae,NA,NA,NA,NA
Endophytic Fungi of Dendrobium officinale,Unpublished,GenBank,KP050603,Peniophora,"Peniophora Cooke, 1879",Fungi,Basidiomycota,Agaricomycetes,Russulales,Peniophoraceae,Peniophora,NA,NA,NA,"Zhejiang, Yueqing",NA,NA,China,NA,Dendrobium,officinale,Plantae,Magnoliophyta,Magnoliopsida,Asparagales,Orchidaceae,NA,NA,NA,NA
NA102,10.7671/j.issn.1001-411X.202001034,Literature,NA,Peniophora,"Peniophora Cooke, 1879",Fungi,Basidiomycota,Agaricomycetes,Russulales,Peniophoraceae,Peniophora,NA,Culture based study,Root,"Qingyuan, Guangdong",23.34694,113.2031,China,NA,Dendrobium,officinale,Plantae,Magnoliophyta,Magnoliopsida,Asparagales,Orchidaceae,2.21008338928222,1646,4,Mexico NW deserts and montane forests
NA102,10.7671/j.issn.1001-411X.202001034,Literature,NA,Peniophora,"Peniophora Cooke, 1879",Fungi,Basidiomycota,Agaricomycetes,Russulales,Peniophoraceae,Peniophora,NA,Culture based study,Root,Raoping Chained Dendrobium plantation,23.18028,113.3525,China,NA,Dendrobium,officinale,Plantae,Magnoliophyta,Magnoliopsida,Asparagales,Orchidaceae,2.19780006408691,1672,24,Mexico NW deserts and montane forests
NA102,10.7671/j.issn.1001-411X.202001034,Literature,NA,Peniophora,"Peniophora Cooke, 1879",Fungi,Basidiomycota,Agaricomycetes,Russulales,Peniophoraceae,Peniophora,NA,Culture based study,Leaf,Raoping Chained Dendrobium plantation,23.18028,113.3525,China,NA,Dendrobium,officinale,Plantae,Magnoliophyta,Magnoliopsida,Asparagales,Orchidaceae,2.19780006408691,1672,24,Mexico NW deserts and montane forests
NA102,10.7671/j.issn.1001-411X.202001034,Literature,NA,Phanerochaete,"Phanerochaete P.Karst., 1889",Fungi,Basidiomycota,Agaricomycetes,Polyporales,Phanerochaetaceae,Phanerochaete,NA,Culture based study,Root,"Qingyuan, Guangdong",23.34694,113.2031,China,NA,Dendrobium,officinale,Plantae,Magnoliophyta,Magnoliopsida,Asparagales,Orchidaceae,2.21008338928222,1646,4,Mexico NW deserts and montane forests
NA102,10.7671/j.issn.1001-411X.202001034,Literature,NA,Phanerochaete,"Phanerochaete P.Karst., 1889",Fungi,Basidiomycota,Agaricomycetes,Polyporales,Phanerochaetaceae,Phanerochaete,NA,Culture based study,Branch (Twig),"Qingyuan, Guangdong",23.34694,113.2031,China,NA,Dendrobium,officinale,Plantae,Magnoliophyta,Magnoliopsida,Asparagales,Orchidaceae,2.21008338928222,1646,4,Mexico NW deserts and montane forests
NA102,10.7671/j.issn.1001-411X.202001034,Literature,NA,Phanerochaete,"Phanerochaete P.Karst., 1889",Fungi,Basidiomycota,Agaricomycetes,Polyporales,Phanerochaetaceae,Phanerochaete,NA,Culture based study,Leaf,"Qingyuan, Guangdong",23.34694,113.2031,China,NA,Dendrobium,officinale,Plantae,Magnoliophyta,Magnoliopsida,Asparagales,Orchidaceae,2.21008338928222,1646,4,Mexico NW deserts and montane forests
NA102,10.7671/j.issn.1001-411X.202001034,Literature,NA,Phanerochaete,"Phanerochaete P.Karst., 1889",Fungi,Basidiomycota,Agaricomycetes,Polyporales,Phanerochaetaceae,Phanerochaete,NA,Culture based study,Branch (Twig),Raoping Chained Dendrobium plantation,23.18028,113.3525,China,NA,Dendrobium,officinale,Plantae,Magnoliophyta,Magnoliopsida,Asparagales,Orchidaceae,2.19780006408691,1672,24,Mexico NW deserts and montane forests
"Sebastián, F., Vanesa, S., Eduardo, F., & Graciela, T. (2014). Symbiotic seed germination and protocorm development of Aa achalensis Schltr., a terrestrial orchid endemic from Argentina. Mycorrhiza, 24(1), 35-43.",https://doi.org/10.1007/s00572-013-0510-2,Literature,KF151198,Fungi,Fungi,Fungi,NA,NA,NA,NA,NA,NA,Culture based study,Root,"Anillaco, La Rioja Province",NA,NA,Argentina,NA,Aa,achalensis,Plantae,Magnoliophyta,Magnoliopsida,Asparagales,Orchidaceae,NA,NA,NA,NA
"Sebastián, F., Vanesa, S., Eduardo, F., & Graciela, T. (2014). Symbiotic seed germination and protocorm development of Aa achalensis Schltr., a terrestrial orchid endemic from Argentina. Mycorrhiza, 24(1), 35-43.",https://doi.org/10.1007/s00572-013-0510-2,Literature,KF151199,Fungi,Fungi,Fungi,NA,NA,NA,NA,NA,NA,Culture based study,Root,"Anillaco, La Rioja Province",NA,NA,Argentina,NA,Aa,achalensis,Plantae,Magnoliophyta,Magnoliopsida,Asparagales,Orchidaceae,NA,NA,NA,NA
"Sebastián, F., Vanesa, S., Eduardo, F., & Graciela, T. (2014). Symbiotic seed germination and protocorm development of Aa achalensis Schltr., a terrestrial orchid endemic from Argentina. Mycorrhiza, 24(1), 35-43.",https://doi.org/10.1007/s00572-013-0510-2,Literature,KF151200,Fungi,Fungi,Fungi,NA,NA,NA,NA,NA,NA,Culture based study,Root,"Anillaco, La Rioja Province",NA,NA,Argentina,NA,Aa,achalensis,Plantae,Magnoliophyta,Magnoliopsida,Asparagales,Orchidaceae,NA,NA,NA,NA
"Sebastián, F., Vanesa, S., Eduardo, F., & Graciela, T. (2014). Symbiotic seed germination and protocorm development of Aa achalensis Schltr., a terrestrial orchid endemic from Argentina. Mycorrhiza, 24(1), 35-43.",https://doi.org/10.1007/s00572-013-0510-2,Literature,KF151201,Fungi,Fungi,Fungi,NA,NA,NA,NA,NA,NA,Culture based study,Root,"Anillaco, La Rioja Province",NA,NA,Argentina,NA,Aa,achalensis,Plantae,Magnoliophyta,Magnoliopsida,Asparagales,Orchidaceae,NA,NA,NA,NA
"Sebastián, F., Vanesa, S., Eduardo, F., & Graciela, T. (2014). Symbiotic seed germination and protocorm development of Aa achalensis Schltr., a terrestrial orchid endemic from Argentina. Mycorrhiza, 24(1), 35-43.",https://doi.org/10.1007/s00572-013-0510-2,Literature,KF151202,Fungi,Fungi,Fungi,NA,NA,NA,NA,NA,NA,Culture based study,Root,"Anillaco, La Rioja Province",NA,NA,Argentina,NA,Aa,achalensis,Plantae,Magnoliophyta,Magnoliopsida,Asparagales,Orchidaceae,NA,NA,NA,NA
"Urooj, F. A. I. Z. A. H., Farhat, H. A. F. I. Z. A., Ali, S. A., Ahmed, M., Sultana, V., Shams, Z. I., ... & Ehteshamul-Haque, S. (2018). Role of endophytic Penicillium species in suppressing the root rotting fungi of sunflower. Pak. J. Bot, 50(4), 1621-1628.",NA,Literature,NA,Penicillium purpurogenum,"Penicillium purpurogenum Stoll, 1904",Fungi,Ascomycota,Eurotiomycetes,Eurotiales,Aspergillaceae,Penicillium,Penicillium purpurogenum,Culture based study,Root,Karachi,24.86,66.72,Pakistan,NA,Abelmoschus,esculentus,Plantae,Magnoliophyta,Magnoliopsida,Malvales,Malvaceae,2.59942455291748,141,45,Mexico NW deserts and montane forests
"Urooj, F. A. I. Z. A. H., Farhat, H. A. F. I. Z. A., Ali, S. A., Ahmed, M., Sultana, V., Shams, Z. I., ... & Ehteshamul-Haque, S. (2018). Role of endophytic Penicillium species in suppressing the root rotting fungi of sunflower. Pak. J. Bot, 50(4), 1621-1628.",NA,Literature,NA,Penicillium thomii,Penicillium thomii Maire,Fungi,Ascomycota,Eurotiomycetes,Eurotiales,Aspergillaceae,Penicillium,Penicillium thomii,Culture based study,Root,Karachi,24.86,66.72,Pakistan,NA,Abelmoschus,esculentus,Plantae,Magnoliophyta,Magnoliopsida,Malvales,Malvaceae,2.59942455291748,141,45,Mexico NW deserts and montane forests
"A new xylariaceous Ascomycete, Abiesia koreansis gen. nov., sp. nov., a griseofulvin-producing endophyte from Korea",Unpublished,GenBank,KP835547,Xylariaceae,Xylariaceae,Fungi,Ascomycota,Sordariomycetes,Xylariales,Xylariaceae,NA,NA,NA,NA,NA,NA,NA,South Korea,NA,Abies,holophylla,Plantae,Pinophyta,Pinopsida,Pinales,Pinaceae,NA,NA,NA,NA
"Carroll, G., & Petrini, O. (1983). Patterns of substrate utilization by some fungal endophytes from coniferous foliage. Mycologia, 75(1), 53-63.",https://doi.org/10.1007/s13213-015-1082-5,Literature,NA,Cytosporella,"Cytosporella Sacc., 1884",Fungi,Ascomycota,NA,NA,NA,Cytosporella,NA,Culture based study,NA,Zurich,NA,NA,Switzerland,NA,Abies,alba,Plantae,Pinophyta,Pinopsida,Pinales,Pinaceae,NA,NA,NA,NA
"Carroll, G., & Petrini, O. (1983). Patterns of substrate utilization by some fungal endophytes from coniferous foliage. Mycologia, 75(1), 53-63.",https://doi.org/10.1007/s13213-015-1082-5,Literature,NA,Phomopsis occulta,Phomopsis occulta Traverso,Fungi,Ascomycota,Sordariomycetes,Diaporthales,Melanconidaceae,Macrodiaporthe,Macrodiaporthe occulta,Culture based study,NA,Zurich,NA,NA,Switzerland,NA,Abies,alba,Plantae,Pinophyta,Pinopsida,Pinales,Pinaceae,NA,NA,NA,NA
"Carroll, G., & Petrini, O. (1983). Patterns of substrate utilization by some fungal endophytes from coniferous foliage. Mycologia, 75(1), 53-63.",https://doi.org/10.1007/s13213-015-1082-5,Literature,NA,Cryptosporiopsis abietina,Cryptosporiopsis abietina Petr.,Fungi,Ascomycota,Leotiomycetes,Helotiales,Dermateaceae,Pezicula,Pezicula livida,Culture based study,NA,Zurich,NA,NA,Switzerland,NA,Abies,alba,Plantae,Pinophyta,Pinopsida,Pinales,Pinaceae,NA,NA,NA,NA
"Carroll, G., & Petrini, O. (1983). Patterns of substrate utilization by some fungal endophytes from coniferous foliage. Mycologia, 75(1), 53-63.",https://doi.org/10.1007/s13213-015-1082-5,Literature,NA,Xylaria,"Xylaria Hill ex Schrank, 1789",Fungi,Ascomycota,Sordariomycetes,Xylariales,Xylariaceae,Xylaria,NA,Culture based study,NA,Zurich,NA,NA,Switzerland,NA,Abies,alba,Plantae,Pinophyta,Pinopsida,Pinales,Pinaceae,NA,NA,NA,NA
"Carroll, G., & Petrini, O. (1983). Patterns of substrate utilization by some fungal endophytes from coniferous foliage. Mycologia, 75(1), 53-63.",https://doi.org/10.1007/s13213-015-1082-5,Literature,NA,Phlyctaena,Phlyctaena,Fungi,Ascomycota,NA,NA,NA,Phlyctaena,NA,Culture based study,NA,Oregon,NA,NA,United States,NA,Abies,grandis,Plantae,Pinophyta,Pinopsida,Pinales,Pinaceae,NA,NA,NA,NA
"Chen, C., Verkley, G. J., Sun, G., Groenewald, J. Z., & Crous, P. W. (2016). Redefining common endophytes and plant pathogens in Neofabraea, Pezicula, and related genera. Fungal Biology, 120(11), 1291-1322.",https://doi.org/10.1016/j.funbio.2015.09.013,Literature,KR859213,Pezicula neocinnamomea,"Pezicula neocinnamomea Chen Chen, Verkley & Crous",Fungi,Ascomycota,Leotiomycetes,Helotiales,Dermateaceae,Pezicula,Pezicula neocinnamomea,Culture based study,NA,NA,NA,NA,Denmark,NA,Abies,alba,Plantae,Pinophyta,Pinopsida,Pinales,Pinaceae,NA,NA,NA,NA
"Choi, J. W., Park, E., & Eo, J. K. (2021). An Unrecorded Genus Lambertella Höhn.(Rutstroemiaceae) and Its Unrecorded Species in Korea. The Korean Journal of Mycology, 49(1), 127-131.",https://doi.org/10.4489/KJM.20210013,Literature,MW563952,Lambertella corni-maris,Lambertella corni-maris Höhn. 1918,Fungi,Ascomycota,Leotiomycetes,Helotiales,Rutstroemiaceae,Lambertella,Lambertella corni-maris,Culture based study,Leaf,Jeju Special Self-governing Province,33.3805,126.5936,South Korea,41170,Abies,koreana,Plantae,Pinophyta,Pinopsida,Pinales,Pinaceae,1.10411663055419,2003,904,North India moist forests
"Choi, J. W., Park, E., & Eo, J. K. (2021). An Unrecorded Genus Lambertella Höhn.(Rutstroemiaceae) and Its Unrecorded Species in Korea. The Korean Journal of Mycology, 49(1), 127-131.",https://doi.org/10.4489/KJM.20210013,Literature,MW786688,Lambertella corni-maris,Lambertella corni-maris Höhn. 1918,Fungi,Ascomycota,Leotiomycetes,Helotiales,Rutstroemiaceae,Lambertella,Lambertella corni-maris,Culture based study,Leaf,Jeju Special Self-governing Province,33.3805,126.5936,South Korea,41171,Abies,koreana,Plantae,Pinophyta,Pinopsida,Pinales,Pinaceae,1.10411663055419,2003,904,North India moist forests
"Eo, J. K., & Park, E. (2019). One Unrecorded Endophytic Fungi from Sub-alpine Conifer, Rhizosphaera pini. The Korean Journal of Mycology, 47(2), 121-124.",https://doi.org/10.4489/KJM.20190015,Literature,MN037709,Rhizosphaera pini,Rhizosphaera pini (Corda) Maubl.,Fungi,Ascomycota,Dothideomycetes,Venturiales,Venturiaceae,Rhizosphaera,Rhizosphaera pini,Culture based study,Leaf,NA,37.5333,128.75,South Korea,NA/NA/2018,Abies,nephrolepis,Plantae,Pinophyta,Pinopsida,Pinales,Pinaceae,0.800183296203613,1340,884,Mexico NW deserts and montane forests
"Eo, J.-K., & Park, E.-S. (2019). The complete mitogenome of Sydowia polyspora. Mitochondrial DNA Part B, 4(1), 1992-1993.",https://doi/org/10.1080/23802359.2019.1617049,Literature,MK637641,Sydowia polyspora,Sydowia polyspora (Bref.) E. Müll.,Fungi,Ascomycota,Dothideomycetes,Dothideales,Dothioraceae,Sydowia,Sydowia polyspora,Culture based study,Leaf,Jeombong ,NA,NA,South Korea,NA,Abies,nephrolepis,Plantae,Pinophyta,Pinopsida,Pinales,Pinaceae,NA,NA,NA,NA
"Huang, Y. L. (2020). Effect of Host, Environment and fungal growth on fungal leaf endophyte communities in Taiwan. Journal of Fungi, 6(4), 244.",https://doi.org/10.3390/jof6040244,Literature,MT183835,Eurotiomycetes,Eurotiomycetes,Fungi,Ascomycota,Eurotiomycetes,NA,NA,NA,NA,Culture based study,Leaf,"Nantou, Hehuanshan",24.139284,121.283966,Taiwan,40286,Abies,kawakamii,Plantae,Pinophyta,Pinopsida,Pinales,Pinaceae,0.724516677856445,4205,2869,Mexico NW deserts and montane forests
"Huang, Y. L. (2020). Effect of Host, Environment and fungal growth on fungal leaf endophyte communities in Taiwan. Journal of Fungi, 6(4), 244.",https://doi.org/10.3390/jof6040244,Literature,MT183836,Eurotiomycetes,Eurotiomycetes,Fungi,Ascomycota,Eurotiomycetes,NA,NA,NA,NA,Culture based study,Leaf,"Nantou, Hehuanshan",24.139284,121.283966,Taiwan,40286,Abies,kawakamii,Plantae,Pinophyta,Pinopsida,Pinales,Pinaceae,0.724516677856445,4205,2869,Mexico NW deserts and montane forests
